<?xml version="1.0" encoding="utf-8"?>
<DataModelInfo xmlns="http://schemas.qualisystems.com/ResourceManagement/DataModelSchema.xsd">
  <Attributes>
    <AttributeInfo Name="Cloud Provider" DefaultValue="" Description="The cloud provider resource name in CloudShell." IsReadOnly="false" Type="String">
      <Rules>
        <Rule Name="Configuration" />
        <Rule Name="Setting" />
      </Rules>
    </AttributeInfo>
    <AttributeInfo Name="Wait for IP" DefaultValue="false" Description="If set to False the deployment will not wait for the VM to get an ip" IsReadOnly="false" Type="Boolean">
      <Rules>
        <Rule Name="Configuration" />
        <Rule Name="Setting" />
      </Rules>
    </AttributeInfo>
    <AttributeInfo Name="Autoload" DefaultValue="true" Description="Enables the automatic execution of the Autoload command during reservation Setup." IsReadOnly="false" Type="Boolean">
      <Rules>
        <Rule Name="Configuration" />
        <Rule Name="Setting" />
      </Rules>
    </AttributeInfo>
    <AttributeInfo Name="Add Public IP" DefaultValue="False" Description="Requests a public IP address from Amazon's public IP address pool, to make your instance reachable from the internet. In most cases the public IP address is associated with the instance until it's stopped or terminated, after which it's no longer available for you to use. If you require a persistent public IP use an Elastic IP address instead." IsReadOnly="false" Type="Boolean">
      <Rules>
        <Rule Name="Configuration" />
        <Rule Name="Setting" />
      </Rules>
    </AttributeInfo>
    <AttributeInfo Name="Inbound Ports" Description="Ports and protocol to open inbound traffic from outside of the sandbox. The syntax is port[single/range]:protocol [tcp(default)/udp] with semi-colon separation, for example: 80;443:tcp;200-220:udp." IsReadOnly="false" Type="String">
      <Rules>
        <Rule Name="Configuration" />
        <Rule Name="Setting" />
      </Rules>
    </AttributeInfo>
    <AttributeInfo Name="Outbound Ports" Description="Ports and protocol to open outbound traffic from inside of the sandbox. The syntax is port[single/range]:protocol [tcp(default)/udp] with semi-colon separation, for example: 80;443:tcp;200-220:udp." IsReadOnly="false" Type="String">
      <Rules>
        <Rule Name="Configuration" />
        <Rule Name="Setting" />
      </Rules>
    </AttributeInfo>
    <AttributeInfo Name="Public IP" DefaultValue="" Description="" IsReadOnly="false" Type="String">
        <Rules>
            <Rule Name="Configuration" />
            <Rule Name="Setting" />
        </Rules>
    </AttributeInfo>
    <AttributeInfo Name="Password" DefaultValue="" Description="" IsReadOnly="false" Type="Password">
      <Rules>
        <Rule Name="Configuration" />
        <Rule Name="Setting" />
      </Rules>
    </AttributeInfo>
    <AttributeInfo Name="User"  DefaultValue="" Description="" IsReadOnly="false" Type="String">
      <Rules>
        <Rule Name="Configuration" />
        <Rule Name="Setting" />
      </Rules>
    </AttributeInfo>
    <AttributeInfo Name="Generic Input" DefaultValue="" Description="" IsReadOnly="false" Type="String">
      <Rules/>
    </AttributeInfo>
    <AttributeInfo Name="Region" DefaultValue="" Description="The public cloud region to be used by this cloud provider resource." IsReadOnly="false" Type="String">
      <Rules>
        <Rule Name="Configuration" />
        <Rule Name="Setting" />
      </Rules>
    </AttributeInfo>
    <AttributeInfo Name="Azure Mgmt NSG ID" DefaultValue="" Description="" IsReadOnly="false" Type="String">
      <Rules>
        <Rule Name="Configuration" />
        <Rule Name="Setting" />
      </Rules>
    </AttributeInfo>
    <AttributeInfo Name="Azure Mgmt Network ID" DefaultValue="" Description="" IsReadOnly="false" Type="String">
      <Rules>
        <Rule Name="Configuration" />
        <Rule Name="Setting" />
      </Rules>
    </AttributeInfo>
    <AttributeInfo Name="Keypairs Location" DefaultValue="" Description="" IsReadOnly="false" Type="String">
      <Rules>
        <Rule Name="Configuration" />
        <Rule Name="Setting" />
      </Rules>
    </AttributeInfo>
    <AttributeInfo Name="Instance Type"  DefaultValue="" Description="" IsReadOnly="false" Type="String">
      <Rules>
        <Rule Name="Configuration" />
        <Rule Name="Setting" />
      </Rules>
    </AttributeInfo>
    <AttributeInfo Name="Networks In Use"  DefaultValue="" Description="" IsReadOnly="false" Type="String">
      <Rules>
        <Rule Name="Configuration" />
        <Rule Name="Setting" />
      </Rules>
    </AttributeInfo>

    <!--Cloud Provider new Attributes-->
    <AttributeInfo Name="Azure Subscription ID"  DefaultValue="" Description="" IsReadOnly="false" Type="String">
      <Rules>
        <Rule Name="Configuration" />
        <Rule Name="Setting" />
      </Rules>
    </AttributeInfo>
    <AttributeInfo Name="Azure Tenant"  DefaultValue="" Description="" IsReadOnly="false" Type="String">
      <Rules>
        <Rule Name="Configuration" />
        <Rule Name="Setting" />
      </Rules>
    </AttributeInfo>
    <AttributeInfo Name="Azure Secret"  DefaultValue="" Description="" IsReadOnly="false" Type="String">
      <Rules>
        <Rule Name="Configuration" />
        <Rule Name="Setting" />
      </Rules>
    </AttributeInfo>
    <AttributeInfo Name="Azure Client ID"  DefaultValue="" Description="" IsReadOnly="false" Type="String">
      <Rules>
        <Rule Name="Configuration" />
        <Rule Name="Setting" />
      </Rules>
    </AttributeInfo>
    <AttributeInfo Name="Azure Mgmt VNET"  DefaultValue="" Description="" IsReadOnly="false" Type="String">
      <Rules>
        <Rule Name="Configuration" />
        <Rule Name="Setting" />
      </Rules>
    </AttributeInfo>
    <AttributeInfo Name="Storage Type"  DefaultValue="" Description="" IsReadOnly="false" Type="String">
      <Rules>
        <Rule Name="Configuration" />
        <Rule Name="Setting" />
      </Rules>
    </AttributeInfo>

    <!--New Azure Deployment Option Attributes -->
    <AttributeInfo Name="Public IP Type"  DefaultValue="" Description="Static or Dynamic" IsReadOnly="false" Type="String">
      <Rules>
        <Rule Name="Configuration" />
        <Rule Name="Setting" />
      </Rules>
    </AttributeInfo>
    <AttributeInfo Name="Image Publisher"  DefaultValue="" Description="" IsReadOnly="false" Type="String">
      <Rules>
        <Rule Name="Configuration" />
        <Rule Name="Setting" />
      </Rules>
    </AttributeInfo>
    <AttributeInfo Name="Image Offer"  DefaultValue="" Description="" IsReadOnly="false" Type="String">
      <Rules>
        <Rule Name="Configuration" />
        <Rule Name="Setting" />
      </Rules>
    </AttributeInfo>
    <AttributeInfo Name="Image SKU"  DefaultValue="" Description="" IsReadOnly="false" Type="String">
      <Rules>
        <Rule Name="Configuration" />
        <Rule Name="Setting" />
      </Rules>
    </AttributeInfo>
    <AttributeInfo Name="Disk Type"  DefaultValue="" Description="" IsReadOnly="false" Type="String">
      <Rules>
        <Rule Name="Configuration" />
        <Rule Name="Setting" />
      </Rules>
    </AttributeInfo>

  </Attributes>
  <ResourceFamilies>
    <ResourceFamily Description="" IsAdminOnly="true" IsSearchable="true" Name="Cloud Provider">
      <AttachedAttributes />
      <AttributeValues />
      <Models>
        <ResourceModel Description="" ImagePath="AWS.png" Name="Azure" SupportsConcurrentCommands="true">
          <AttachedAttributes>
            <AttachedAttribute IsLocal="true" IsOverridable="true" Name="Region">
              <AllowedValues/>
            </AttachedAttribute>
            <AttachedAttribute IsLocal="true" IsOverridable="true" Name="Instance Type">
              <AllowedValues />
            </AttachedAttribute>
            <AttachedAttribute IsLocal="true" IsOverridable="true" Name="Azure Mgmt NSG ID">
              <AllowedValues />
            </AttachedAttribute>
            <AttachedAttribute IsLocal="true" IsOverridable="true" Name="Azure Mgmt Network ID">
              <AllowedValues />
            </AttachedAttribute>
            <AttachedAttribute IsLocal="true" IsOverridable="true" Name="Keypairs Location">
              <AllowedValues />
            </AttachedAttribute>
            <AttachedAttribute IsLocal="true" IsOverridable="true" Name="Networks In Use">
              <AllowedValues />
            </AttachedAttribute>
            <AttachedAttribute IsLocal="true" IsOverridable="true" Name="Azure Subscription ID">
              <AllowedValues />
            </AttachedAttribute>
            <AttachedAttribute IsLocal="true" IsOverridable="true" Name="Azure Tenant">
              <AllowedValues />
            </AttachedAttribute>
            <AttachedAttribute IsLocal="true" IsOverridable="true" Name="Azure Secret">
              <AllowedValues />
            </AttachedAttribute>
            <AttachedAttribute IsLocal="true" IsOverridable="true" Name="Azure Client ID">
              <AllowedValues />
            </AttachedAttribute>
            <AttachedAttribute IsLocal="true" IsOverridable="true" Name="Azure Mgmt VNET">
              <AllowedValues />
            </AttachedAttribute>
            <AttachedAttribute IsLocal="true" IsOverridable="true" Name="Storage Type">
              <AllowedValues />
            </AttachedAttribute>
          </AttachedAttributes>
          <ParentModels />
          <Drivers>
            <DriverName>Azure Shell Driver</DriverName>
          </Drivers>
          <Scripts>
          </Scripts>
        </ResourceModel>
      </Models>
      <Categories />
    </ResourceFamily>
    <ResourceFamily Description="" IsSearchable="true" Name="Generic App Family" ResourceType="Application" IsLockedByDefault="true">
      <AttachedAttributes>
      </AttachedAttributes>
      <AttributeValues>
      </AttributeValues>
      <Models>
        <ResourceModel Description="" Name="Generic App Model" SupportsConcurrentCommands="false">
          <AttachedAttributes>
            <AttachedAttribute IsLocal="true" IsOverridable="true" Name="Password"/>
            <AttachedAttribute IsLocal="true" IsOverridable="true" Name="User"/>
            <AttachedAttribute IsLocal="true" IsOverridable="true" Name="Public IP"/>
          </AttachedAttributes>
          <AttributeValues>
          </AttributeValues>
          <ParentModels />
          <Drivers>
          </Drivers>
          <Scripts>
          </Scripts>
        </ResourceModel>
      </Models>
      <Categories />
    </ResourceFamily>
    <ResourceFamily Description="" IsService="true" Name="Installation Options" ServiceType="Installation">
      <AttachedAttributes />
      <AttributeValues />
      <Models>
        <ResourceModel Description="" Name="Generic Installation Option" SupportsConcurrentCommands="false">
          <AttachedAttributes>
            <AttachedAttribute IsLocal="true" IsOverridable="true" Name="Generic Input" UserInput="true">
              <AllowedValues />
            </AttachedAttribute>
          </AttachedAttributes>
          <AttributeValues>
            <AttributeValue Name="Generic Input" Value="" />
          </AttributeValues>
          <ParentModels />
          <Drivers>
            <DriverName>Generic Driver</DriverName>
          </Drivers>
          <Scripts />
        </ResourceModel>
      </Models>
      <Categories>
      </Categories>
    </ResourceFamily>
    <ResourceFamily Description="" IsService="true" Name="Deployment Options" ServiceType="Deployment">
      <AttachedAttributes />
      <AttributeValues />
      <Models>
        <ResourceModel Description="" Name="Azure VM" ImagePath="" SupportsConcurrentCommands="false">
          <AttachedAttributes>
            <AttachedAttribute IsLocal="true" IsOverridable="true" Name="Cloud Provider" UserInput="true">
              <AllowedValues />
            </AttachedAttribute>
            <AttachedAttribute IsLocal="true" IsOverridable="true" Name="Instance Type" UserInput="true">
              <AllowedValues />
            </AttachedAttribute>
            <AttachedAttribute IsLocal="true" IsOverridable="true" Name="Wait for IP" UserInput="false">
              <AllowedValues />
            </AttachedAttribute>
            <AttachedAttribute IsLocal="true" IsOverridable="true" Name="Autoload" UserInput="false">
              <AllowedValues />
            </AttachedAttribute>
            <AttachedAttribute IsLocal="true" IsOverridable="true" Name="Add Public IP" UserInput="true">
              <AllowedValues />
            </AttachedAttribute>
            <AttachedAttribute IsLocal="true" IsOverridable="true" Name="Public IP Type" UserInput="true">
              <AllowedValues />
            </AttachedAttribute>
            <AttachedAttribute IsLocal="true" IsOverridable="true" Name="Inbound Ports" UserInput="true">
              <AllowedValues />
            </AttachedAttribute>
            <AttachedAttribute IsLocal="true" IsOverridable="true" Name="Outbound Ports" UserInput="true">
              <AllowedValues />
            </AttachedAttribute>
            <AttachedAttribute IsLocal="true" IsOverridable="true" Name="Image Publisher" UserInput="true">
              <AllowedValues />
            </AttachedAttribute>
            <AttachedAttribute IsLocal="true" IsOverridable="true" Name="Image Offer" UserInput="true">
              <AllowedValues />
            </AttachedAttribute>
            <AttachedAttribute IsLocal="true" IsOverridable="true" Name="Image SKU" UserInput="true">
              <AllowedValues />
            </AttachedAttribute>
            <AttachedAttribute IsLocal="true" IsOverridable="true" Name="Disk Type" UserInput="true">
              <AllowedValues />
            </AttachedAttribute>
          </AttachedAttributes>

          <ParentModels />
          <Drivers>
          </Drivers>
        </ResourceModel>
      </Models>
      <Categories>
      </Categories>
    </ResourceFamily>
  </ResourceFamilies>
  <DriverDescriptors>
      <DriverDescriptor Name="Azure Shell Driver" DriverType="PythonDriver" />
  </DriverDescriptors>
</DataModelInfo>