<Driver Description="This driver orchestrate all the command that will be executed on Azure" MainClass="driver.AzureShellDriver" Name="Azure Shell Driver" PythonVersion="3" Version="2.0.0">
    <Layout>
        <Category Name="Deployment">
            <Command Description="" DisplayName="Deploy VM" EnableCancellation="true" Name="deploy_vm" Tags="allow_unreserved" />
            <Command Description="" DisplayName="Deploy Azure VM From Custom Image" EnableCancellation="true" Name="deploy_vm_from_custom_image" Tags="allow_unreserved" />
        </Category>
        <Category Name="Connectivity">
            <Command Description="" DisplayName="Refresh IP" EnableCancellation="true" Name="remote_refresh_ip" Tags="remote_connectivity,allow_shared" />
            <Command Description="" DisplayName="Get Application Ports" EnableCancellation="true" Name="GetApplicationPorts" Tags="remote_connectivity,allow_shared" />
            <Command Description="" DisplayName="Prepare Connectivity" EnableCancellation="true" Name="PrepareSandboxInfra" Tags="allow_unreserved" />
            <Command Description="" DisplayName="Cleanup Connectivity" Name="CleanupSandboxInfra" Tags="allow_unreserved" />
            
        </Category>
        <Category Name="Hidden Commands">
            <Command Description="" DisplayName="Power Cycle" Name="PowerCycle" Tags="power" />
            <Command Description="" DisplayName="Delete VM Only" Name="DeleteInstance" Tags="remote_app_management,allow_shared" />
            <Command Description="" DisplayName="GetAccessKey" Name="GetAccessKey" Tags="remote_app_management" />
            <Command Description="" DisplayName="GetAvailablePrivateIP" Name="GetAvailablePrivateIP" Tags="allow_unreserved" />
            <Command Description="" DisplayName="Deploy" Name="Deploy" Tags="allow_unreserved" />
            <Command Description="" DisplayName="Set App Security Groups" Name="SetAppSecurityGroups" Tags="allow_unreserved" />
            <Command Description="" DisplayName="Get VmDetails" EnableCancellation="true" Name="GetVmDetails" Tags="allow_unreserved" />
            <Command Description="" DisplayName="Create Routetables" EnableCancellation="false" Name="CreateRouteTables" Tags="allow_unreserved" />
        </Category>
        <Category Name="Power">
            <Command Description="" DisplayName="Power On" Name="PowerOn" Tags="power" />
            <Command Description="" DisplayName="Power Off" Name="PowerOff" Tags="power" />
        </Category>
    </Layout>
</Driver>