<?xml version="1.0" encoding="utf-8"?>
<ShellsConfiguration
    xmlns:xsd="http://www.w3.org/2001/XMLSchema"
    xmlns:xsi="http://www.w3.org/2001/XMLSchema-instance"
    xmlns="http://schemas.qualisystems.com/ResourceManagement/ShellsConfigurationSchema.xsd">
    <ResourceTemplates>
        <ResourceTemplate Name="AWS EC2" Model="AWS EC2" Driver="AWS Shell Driver" AddressRequired="false">
            <Description>AWS EC2 template will create a AWS EC2 resource in CloudShell. Once the AWS EC2 is modeled correctly in CloudShell it will be possible to deploy Apps on this AWS EC2.</Description>
            <AutoLoad Enable="true">
                <Description>After filling in all the inputs click Start Discovery to complete the cloud provider creation process</Description>
            </AutoLoad>
            <Attributes>
                <Attribute Name="Region" Value="" />
                <Attribute Name="AWS Mgmt SG ID" Value="" />
                <Attribute Name="AWS Mgmt VPC ID" Value="" />
                <Attribute Name="Keypairs Location" Value="" />
                <Attribute Name="Max Storage Size" Value="0" />
                <Attribute Name="Max Storage IOPS" Value="0" />
                <Attribute Name="Networks In Use" Value="" />
                <Attribute Name="Instance Type" Value="" />
            </Attributes>
        </ResourceTemplate>
    </ResourceTemplates>
</ShellsConfiguration>
