<?xml version="1.0" encoding="utf-8"?>
<ShellsConfiguration
    xmlns:xsd="http://www.w3.org/2001/XMLSchema"
    xmlns:xsi="http://www.w3.org/2001/XMLSchema-instance"
    xmlns="http://schemas.qualisystems.com/ResourceManagement/ShellsConfigurationSchema.xsd">
    <ResourceTemplates>
        <ResourceTemplate Name="Azure" Model="Azure" Driver="Azure Shell Driver" AddressRequired="false">
            <Description>Azure </Description>
            <AutoLoad Enable="true">
                <Description>After filling in all the inputs click Start Discovery to complete the cloud provider creation process</Description>
            </AutoLoad>
            <Attributes>
                <!--<Attribute Name="Region" Value="" />-->
                <!--<Attribute Name="AWS Mgmt SG ID" Value="" />-->
                <!--<Attribute Name="AWS Mgmt VPC ID" Value="" />-->
                <!--<Attribute Name="Keypairs Location" Value="" />-->
                <!--<Attribute Name="Max Storage Size" Value="0" />-->
                <!--<Attribute Name="Max Storage IOPS" Value="0" />-->
                <!--<Attribute Name="Networks In Use" Value="" />-->
                <!--<Attribute Name="Instance Type" Value="" />-->
            </Attributes>
        </ResourceTemplate>
    </ResourceTemplates>
</ShellsConfiguration>
